city,zip
Highland Park,75205
Prosper,75078
Plano,75023
Plano,75024
Plano,75025
Plano,75074
Plano,75075
Plano,75093
Lewisville,75057
Lewisville,75067
Arlington,76001
Arlington,76002
Arlington,76006
Arlington,76010
Arlington,76011
Arlington,76012
Arlington,76013
Arlington,76014
Arlington,76015
Arlington,76016
Arlington,76017
Arlington,76018
Fort Worth,76102
Fort Worth,76103
Fort Worth,76104
Fort Worth,76105
Fort Worth,76106
Fort Worth,76107
Fort Worth,76108
Fort Worth,76109
Fort Worth,76110
Fort Worth,76111
Fort Worth,76112
Fort Worth,76114
Fort Worth,76115
Fort Worth,76116
Fort Worth,76119
Fort Worth,76120
Fort Worth,76123
Fort Worth,76126
Fort Worth,76129
Fort Worth,76131
Fort Worth,76132
Fort Worth,76134
Fort Worth,76135
Fort Worth,76137
Fort Worth,76140
Fort Worth,76164
Fort Worth,76177
Fort Worth,76179
Fort Worth,76244
Dallas,75201
Dallas,75202
Dallas,75203
Dallas,75204
Dallas,75206
Dallas,75207
Dallas,75208
Dallas,75209
Dallas,75210
Dallas,75211
Dallas,75212
Dallas,75214
Dallas,75215
Dallas,75216
Dallas,75217
Dallas,75218
Dallas,75219
Dallas,75220
Dallas,75223
Dallas,75224
Dallas,75225
Dallas,75226
Dallas,75227
Dallas,75228
Dallas,75229
Dallas,75230
Dallas,75231
Dallas,75232
Dallas,75233
Dallas,75234
Dallas,75235
Dallas,75236
Dallas,75237
Dallas,75238
Dallas,75240
Dallas,75241
Dallas,75243
Dallas,75244
Dallas,75246
Dallas,75247
Dallas,75248
Dallas,75249
Dallas,75251
Dallas,75252
Dallas,75253
Dallas,75254
Dallas,75287
