zip,hud_area_code,fy2026_2br,fy2026_3br,fy2027_2br,fy2027_3br
75023,METRO19100M19100,2200,2770,2200,2770
75024,METRO19100M19100,2580,3250,2410,3030
75025,METRO19100M19100,2480,3120,2270,2860
75057,METRO19100M19100,2000,2520,1860,2340
75067,METRO19100M19100,2070,2610,1900,2390
75074,METRO19100M19100,2130,2680,1940,2440
75075,METRO19100M19100,2070,2610,1900,2390
75078,METRO19100M19100,2790,3510,2590,3260
75093,METRO19100M19100,2480,3120,2270,2860
75201,METRO19100M19100,2900,3650,2710,3410
75202,METRO19100M19100,2580,3250,2330,2930
75203,METRO19100M19100,1460,1840,1410,1780
75204,METRO19100M19100,2770,3490,2550,3210
75205,METRO19100M19100,2880,3630,2710,3410
75206,METRO19100M19100,2420,3050,2230,2810
75207,METRO19100M19100,2370,2980,2140,2690
75208,METRO19100M19100,1970,2480,1970,2480
75209,METRO19100M19100,2260,2850,2080,2620
75210,METRO19100M19100,1220,1540,1130,1420
75211,METRO19100M19100,1530,1930,1430,1800
75212,METRO19100M19100,1530,1930,1490,1880
75214,METRO19100M19100,2170,2730,1960,2460
75215,METRO19100M19100,1540,1940,1470,1850
75216,METRO19100M19100,1370,1720,1300,1640
75217,METRO19100M19100,1410,1780,1330,1670
75218,METRO19100M19100,2090,2630,1890,2380
75219,METRO19100M19100,2390,3010,2220,2790
75220,METRO19100M19100,1680,2120,1540,1940
75223,METRO19100M19100,1740,2190,1610,2030
75224,METRO19100M19100,1490,1880,1360,1710
75225,METRO19100M19100,2900,3650,2670,3360
75226,METRO19100M19100,2110,2660,1980,2490
75227,METRO19100M19100,1590,2000,1480,1860
75228,METRO19100M19100,1590,2000,1480,1860
75229,METRO19100M19100,1920,2420,1780,2240
75230,METRO19100M19100,1850,2330,1670,2100
75231,METRO19100M19100,1740,2190,1610,2030
75232,METRO19100M19100,1640,2060,1490,1880
75233,METRO19100M19100,1620,2040,1480,1860
75234,METRO19100M19100,2150,2710,2000,2520
75235,METRO19100M19100,2030,2560,1930,2430
75236,METRO19100M19100,1610,2030,1520,1910
75237,METRO19100M19100,1490,1880,1410,1780
75238,METRO19100M19100,1660,2090,1500,1890
75240,METRO19100M19100,1790,2250,1660,2090
75241,METRO19100M19100,1580,1990,1480,1860
75243,METRO19100M19100,1820,2290,1690,2130
75244,METRO19100M19100,2350,2960,2180,2740
75246,METRO19100M19100,1380,1740,1300,1640
75247,METRO19100M19100,1570,1980,1420,1790
75248,METRO19100M19100,2270,2860,2050,2580
75249,METRO19100M19100,2450,3080,2230,2810
75251,METRO19100M19100,2200,2770,2030,2560
75252,METRO19100M19100,1720,2170,1580,1990
75253,METRO19100M19100,1730,2180,1580,1990
75254,METRO19100M19100,2160,2720,1950,2450
75287,METRO19100M19100,2150,2710,1990,2510
76001,METRO19100MM2800,2250,2970,2220,2910
76002,METRO19100MM2800,2580,3400,2530,3310
76006,METRO19100MM2800,1900,2510,1840,2410
76010,METRO19100MM2800,1570,2070,1580,2070
76011,METRO19100MM2800,1710,2260,1740,2280
76012,METRO19100MM2800,1590,2100,1600,2090
76013,METRO19100MM2800,1560,2060,1570,2050
76014,METRO19100MM2800,1790,2360,1820,2380
76015,METRO19100MM2800,1870,2470,1920,2510
76016,METRO19100MM2800,2210,2920,2130,2790
76017,METRO19100MM2800,1800,2380,1830,2400
76018,METRO19100MM2800,2250,2970,2230,2920
76102,METRO19100MM2800,2030,2680,2020,2640
76103,METRO19100MM2800,1370,1810,1360,1780
76104,METRO19100MM2800,1650,2180,1690,2210
76105,METRO19100MM2800,1410,1860,1420,1860
76106,METRO19100MM2800,1450,1910,1460,1910
76107,METRO19100MM2800,1820,2400,1830,2400
76108,METRO19100MM2800,1720,2270,1740,2280
76109,METRO19100MM2800,2020,2670,2070,2710
76110,METRO19100MM2800,1530,2020,1550,2030
76111,METRO19100MM2800,1520,2010,1550,2030
76112,METRO19100MM2800,1620,2140,1630,2130
76114,METRO19100MM2800,1450,1910,1450,1900
76115,METRO19100MM2800,1420,1870,1420,1860
76116,METRO19100MM2800,1520,2010,1500,1960
76119,METRO19100MM2800,1400,1850,1390,1820
76120,METRO19100MM2800,1620,2140,1620,2120
76123,METRO19100MM2800,2580,3400,2560,3350
76126,METRO19100MM2800,1960,2590,1960,2570
76129,METRO19100MM2800,2020,2670,2070,2710
76131,METRO19100MM2800,2150,2840,2150,2810
76132,METRO19100MM2800,1890,2490,1900,2490
76134,METRO19100MM2800,1610,2120,1610,2110
76135,METRO19100MM2800,1490,1970,1500,1960
76137,METRO19100MM2800,2070,2730,2050,2680
76140,METRO19100MM2800,1790,2360,1880,2460
76164,METRO19100MM2800,1360,1790,1370,1790
76177,METRO19100M19100,2120,2770,2040,2660
76179,METRO19100MM2800,2260,2980,2200,2880
76244,METRO19100MM2800,2340,3090,2350,3080
